sites:
  - name: Université Paris-Sud
    logo: UPSud.png
    homepage: 'http://www.u-psud.fr'
    members:
      - name: Nicolas M. Thiéry
        homepage: 'http://Nicolas.Thiery.name'
        roles: coordinator
        github: nthiery
      - name: Viviane Pons
        homepage: 'https://www.lri.fr/~pons/'
        twitter: pyviv
      - name: Florent Hivert
      - name: Samuel Lelièvre
      - name: Loïc Gouarin
  - name: Université de Bordeaux
    logo: Universite-de-Bordeaux_static.svg
    homepage: 'https://www.u-bordeaux.fr/'
    members:
      - name: Vincent Delecroix
        homepage: 'http://www.labri.fr/perso/vdelecro/'
      - name: Karim Belabas
        homepage: 'http://www.math.u-bordeaux1.fr/~kbelabas/'
      - name: Bill Allombert
        homepage: 'http://www.math.u-bordeaux1.fr/~ballombe/'
      - name: Adrien Boussicault
        homepage: 'http://www.labri.fr/perso/boussica/'
  - name: Université Joseph Fourier
    logo: Logo-UJF.svg
    homepage: 'https://www.ujf-grenoble.fr'
    members:
      - name: Clément Pernet
        homepage: 'http://membres-liglab.imag.fr/pernet'
        github: ClementPernet
      - name: Jean-Guillaume Dumas
        homepage: 'http://www-ljk.imag.fr/membres/Jean-Guillaume.Dumas/'
  - name: University of Kaiserslautern
    members:
      - name: Prof. Dr. Wolfram Decker
  - name: University of Oxford
    logo: ox_brand.png
    homepage: 'http://www.ox.ac.uk'
    members:
      - name: Ursula Martin
      - name: Edith Elkind
      - name: Dmitrii Pasechnik
  - name: University of Sheffield
    members:
      - name: Neil Lawrence
      - name: Michael Croucher
  - name: University of Silesia
    logo: US.png
    homepage: 'http://english.us.edu.pl/'
    members:
      - name: Marcin Kostur
      - name: Jerzy Łuczka
      - name: Jan Aksamit
  - name: University of Southampton
    logo: University-of-Southampton.png
    homepage: 'http://www.southampton.ac.uk'
    members:
      - name: Hans Fangohr
        homepage: 'http://www.southampton.ac.uk/~fangohr'
        twitter: ProfCompMod
      - name: Ian Hawke
  - name: University of St Andrews
    logo: USTAN_logo.png
    homepage: 'https://www.st-andrews.ac.uk/'
    members:
      - name: Steve Linton
      - name: Alexander Konovalov
        homepage: http://blogs.cs.st-andrews.ac.uk/alexk/
        github: alex-konovalov
      - name: Markus Pfeiffer
        homepage: http://www.morphism.de/~markusp/
        github: markuspf
  - name: Jacobs University Bremen
    logo: jacobs-logo.png
    homepage: 'http://www.jacobs-university.de/'
    members:
      - name: Michael Kohlhase
      - name: Florian Rabe
      - name: Christian Maeder
      - name: Mihnea Iancu
  - name: Université de Versailles – Saint-Quentin-en-Yvelines
    logo: uvsq.jpg
    homepage: 'http://www.uvsq.fr'
    members:
      - name: Luca De Feo
        homepage: http://defeo.lu/
        github: defeo
        twitter: luca_defeo
      - name: Nicolas Gama
        homepage: 'http://gama.nicolas.free.fr/'
  - name: University of Warwick
    logo: UofW.png
    homepage: 'http://www2.warwick.ac.uk/'
    members:
      - name: John E. Cremona
        homepage: 'http://homepages.warwick.ac.uk/staff/J.E.Cremona/'
        github: JohnCremona
  - name: Universität Zurich
    logo: University_of_Zurich_Logo.svg
    homepage: 'http://www.uzh.ch'
    members:
      - name: Paul-Olivier Dehaye
  - name: Logilab
    logo: logilab.png
    homepage: 'https://www.logilab.fr'
    members:
      - name: Florent Cayré
      - name: Olivier Cayrol
      - name: David Douard
      - name: Julien Cristau
      - name: Serge Guelton
  - name: Simula Research Laboratory
    logo: simula.png
    homepage: 'https://www.simula.no'
    members:
      - name: Hans Petter Langtangen
        github: hplgit
      - name: Min Ragan-Kelley
        github: minrk
      - name: Martin Sandve Alnæs
        github: martinal

partners:
  - name: CNRS
    logo: CNRS.svg
    homepage: 'http://www.cnrs.fr'
